{
  "id": "1985807",
  "name": "cellphone",
  "font_family": "iconfont",
  "css_prefix_text": "icon-",
  "description": "",
  "glyphs": [
    {
      "icon_id": "6426028",
      "name": "首页-选中",
      "font_class": "shouye",
      "unicode": "e604",
      "unicode_decimal": 58884
    },
    {
      "icon_id": "12801493",
      "name": "分类-选中",
      "font_class": "leimupinleifenleileibie1",
      "unicode": "e606",
      "unicode_decimal": 58886
    },
    {
      "icon_id": "6413471",
      "name": "下  拉",
      "font_class": "xiala",
      "unicode": "e605",
      "unicode_decimal": 58885
    },
    {
      "icon_id": "10134635",
      "name": "星球",
      "font_class": "xingqiu",
      "unicode": "e600",
      "unicode_decimal": 58880
    },
    {
      "icon_id": "13387219",
      "name": "分类-选中",
      "font_class": "leimupinleifenleileibie",
      "unicode": "e601",
      "unicode_decimal": 58881
    },
    {
      "icon_id": "14007783",
      "name": "首页-选中",
      "font_class": "home",
      "unicode": "e602",
      "unicode_decimal": 58882
    },
    {
      "icon_id": "15451449",
      "name": "购物车",
      "font_class": "gouwuche",
      "unicode": "e603",
      "unicode_decimal": 58883
    },
    {
      "icon_id": "11769643",
      "name": "人像",
      "font_class": "renxiang",
      "unicode": "e801",
      "unicode_decimal": 59393
    }
  ]
}
